1,673,Barbara Hunter,6-(274)484-3463,1969-03-28 06:55:06,431
2,347,Randy Turner,1-(093)454-1388,1923-08-11 08:16:30,230
3,230,Margaret Graham,2-(429)340-1160,1900-08-30 03:24:50,80
4,29,Jane Crawford,8-(168)708-8482,1950-09-17 20:08:10,96
5,679,Diana Welch,9-(895)576-0309,1946-03-30 10:56:10,117
6,448,Julia Bell,4-(807)384-2505,1926-02-24 06:02:39,464
7,305,Phyllis Chavez,6-(445)149-9051,1910-11-21 01:44:19,290
8,718,Eugene Jenkins,7-(161)521-8316,1935-03-24 13:52:19,128
9,629,Diane Powell,5-(055)764-4780,1977-04-22 03:41:12,466
10,746,Nancy Williamson,5-(267)951-8112,1902-12-21 20:19:33,130
11,121,Juan Olson,2-(353)873-3354,1933-11-19 18:50:33,287
12,151,Jimmy Gilbert,6-(890)758-7394,1923-07-26 03:59:49,98
13,135,Christopher Hudson,5-(617)830-4253,1933-12-31 00:59:26,87
14,137,Nicholas Perez,9-(743)257-8783,1902-05-20 12:58:13,321
15,103,Kathy Payne,9-(820)386-9828,1928-12-03 23:56:07,92
16,791,Christina Rodriguez,0-(225)340-2799,1977-03-28 18:58:01,23
17,354,Willie Cox,3-(030)635-0244,1951-06-18 11:06:24,178
18,379,Scott Graham,2-(373)848-6413,1988-07-20 22:14:53,275
19,603,Steven Lewis,8-(509)524-1594,1921-05-19 23:08:20,295
20,790,Paul Alexander,6-(414)205-4435,1934-10-03 18:21:49,148
21,524,Jennifer Nichols,8-(032)262-7105,1918-12-12 12:48:37,278
22,665,Judith Lane,3-(413)117-0805,1963-10-21 10:58:36,393
23,757,Karen Marshall,6-(590)040-6454,1964-06-23 19:04:00,15
24,395,Diana Ward,6-(177)946-1554,1941-04-23 15:51:56,110
25,285,George Anderson,7-(252)396-3639,1961-06-13 04:59:48,416
26,707,Ronald Crawford,3-(783)409-6553,1924-04-10 07:22:12,61
27,532,Albert Clark,1-(779)214-3729,1901-07-10 17:03:27,108
28,180,Tammy Flores,9-(319)720-1034,1946-08-25 13:24:32,145
29,483,Lillian Martin,2-(176)690-4697,1993-05-05 03:09:10,95
30,509,Carol Diaz,8-(394)447-8765,1939-08-15 10:28:27,39
31,225,Phillip Hanson,6-(167)585-7610,1978-11-26 17:09:38,433
32,240,Stephanie Bennett,0-(155)780-0104,1920-06-04 00:17:08,166
33,657,Steve Gutierrez,0-(747)404-3297,1946-10-31 02:11:52,254
34,628,Brian Grant,3-(025)279-1124,1954-02-23 17:57:52,459
35,323,Kenneth Ortiz,8-(565)876-6159,1944-11-15 20:10:54,297
36,397,Gloria Webb,3-(900)798-7550,1947-06-01 00:00:40,279
37,291,Walter Anderson,0-(044)045-4172,1977-01-31 14:44:45,11
38,122,Richard Thomas,5-(359)593-1874,1977-09-30 03:06:09,162
39,205,Eugene Willis,8-(206)467-2652,1945-09-19 18:53:56,404
40,450,Cynthia Gordon,2-(543)481-5601,1991-09-09 00:43:38,253
41,508,Christina Ellis,1-(775)170-7600,1974-03-24 15:01:13,218
42,376,Teresa Cunningham,1-(668)870-1951,1924-11-11 10:36:54,349
43,94,Larry Ray,8-(900)146-3194,1995-05-18 05:48:24,104
44,198,Patrick Fisher,7-(996)989-7862,1916-05-11 12:00:34,57
45,383,Jesse Alexander,3-(540)485-1089,1930-02-12 01:33:04,362
46,75,Martin West,1-(868)350-2939,1929-01-08 05:10:15,412
47,270,Frances Wright,5-(406)735-5170,1934-02-16 11:24:33,111
48,314,Frank Holmes,8-(858)899-5394,1913-03-22 23:28:09,160
49,748,Jack Oliver,7-(121)425-2199,1994-07-23 12:15:38,452
50,195,Donald Jones,5-(107)532-3218,1901-05-27 23:36:56,301
51,687,Sharon Torres,1-(338)199-0549,1977-08-11 22:32:56,494
52,387,Ralph Mitchell,0-(625)986-0052,1979-02-19 10:57:57,493
53,275,Kathleen Reed,4-(325)856-3409,1905-02-17 19:56:01,483
54,653,Jacqueline Campbell,4-(810)431-9484,1954-06-12 04:28:27,272
55,522,Christine Garcia,2-(291)073-7381,1914-05-30 05:17:05,471
56,115,Helen Baker,8-(348)620-3498,1978-03-07 15:14:54,447
57,786,Evelyn Burns,8-(360)606-8414,1983-01-22 02:20:09,39
58,238,Lori Rodriguez,6-(108)369-5240,1917-02-19 04:20:41,106
59,633,Alice Rodriguez,1-(314)881-2667,1939-10-06 12:58:00,270
60,494,Benjamin Spencer,1-(185)853-9573,1922-10-08 00:16:08,389
61,604,Aaron Webb,4-(501)173-7641,1908-06-19 16:27:05,385
62,691,Juan Harvey,2-(440)060-6297,1926-01-17 09:44:20,187
63,1,Dennis Carpenter,0-(279)652-4212,1945-08-21 02:51:55,178
64,763,Mildred Welch,1-(329)072-0003,1935-04-06 16:15:58,96
65,719,Lois Diaz,8-(819)896-2930,1955-05-06 17:25:58,46
66,562,Norma Rodriguez,5-(989)891-4170,1913-08-12 06:04:55,327
67,748,Nicholas Castillo,6-(176)069-7887,1952-06-12 02:29:48,89
68,306,Karen Daniels,5-(382)383-8765,1946-08-07 19:57:29,366
69,132,John Austin,4-(729)801-5703,1953-08-17 12:49:16,26
70,350,Lisa Meyer,1-(373)914-6666,1966-12-13 16:30:17,477
71,195,Denise Allen,0-(566)455-1144,1982-01-25 20:21:08,477
72,145,Phillip Oliver,1-(071)993-6732,1941-03-03 12:24:31,413
73,742,Patricia Holmes,6-(785)324-8080,1989-10-26 03:39:34,304
74,122,Katherine Ross,5-(965)045-8284,1926-03-04 02:28:14,245
75,219,Gregory Allen,6-(528)477-6595,1919-10-20 21:22:50,408
76,608,Lisa White,5-(100)469-8489,1946-12-04 11:53:20,22
77,563,Mary Wells,3-(260)998-9093,1909-11-30 19:37:23,57
78,446,Donald Harper,5-(651)264-9038,1982-06-30 07:18:32,194
79,206,Kathy Jenkins,5-(064)375-3127,1986-02-02 00:34:59,489
80,626,Phillip Watson,2-(145)353-7868,1955-07-24 02:49:10,314
81,264,Jeffrey Gonzalez,9-(378)250-8003,1942-05-21 01:09:57,51
82,624,Jeremy Howard,9-(175)913-3782,1984-09-22 10:08:48,148
83,793,Philip Williamson,6-(587)077-6236,1993-01-30 16:05:06,402
84,362,Diane Bennett,2-(757)017-8462,1910-05-25 18:02:20,138
85,781,Raymond Long,4-(407)866-8477,1981-06-21 06:07:02,244
86,228,Judith Wallace,4-(774)106-4557,1991-09-08 17:02:57,474
87,399,Frank Lewis,5-(803)849-0803,1938-11-17 15:27:03,126
88,532,Phyllis Shaw,9-(571)647-5995,1918-02-03 10:47:05,202
89,667,Dorothy Hudson,2-(579)243-2111,1937-10-30 17:51:46,238
90,618,Lawrence Andrews,2-(922)002-1678,1987-06-24 07:33:19,362
91,293,Jerry Rice,5-(193)695-7697,1940-04-09 14:27:25,278
92,424,Doris Reed,6-(371)736-5335,1905-02-18 21:58:19,464
93,267,Bobby Perry,6-(100)609-7977,1900-11-05 09:22:27,311
94,497,Louis Thompson,6-(054)403-8637,1965-10-24 09:09:34,249
95,68,Jacqueline Romero,5-(089)368-3146,1916-06-02 01:52:19,51
96,746,Laura Cook,0-(054)313-4536,1977-07-23 00:57:59,477
97,679,Bruce Ray,9-(782)496-2880,1914-02-01 19:28:29,397
98,174,John Evans,7-(889)809-7093,1947-04-21 17:14:03,326
99,744,Chris Parker,8-(963)308-3172,1930-02-24 08:16:21,335
100,294,Mary Henry,5-(182)628-1424,1952-06-25 18:43:40,450
101,403,Larry Brooks,9-(350)787-6024,1907-11-11 03:21:57,133
102,76,Robin Hayes,2-(964)712-4350,1947-10-24 18:24:07,70
103,451,Frances Warren,2-(027)539-9274,1913-06-25 14:07:45,428
104,315,Phyllis Tucker,4-(782)433-3295,1986-02-12 09:16:47,327
105,157,Jason Carter,1-(614)390-7530,1989-09-28 15:13:15,221
106,585,Teresa Williams,0-(748)467-3714,1950-09-11 07:57:53,422
107,157,Donna Harris,4-(832)075-7218,1915-01-10 07:07:50,251
108,527,Denise West,8-(667)134-4719,1945-07-08 04:27:05,81
109,487,Marilyn Stewart,5-(481)323-2391,1912-05-01 15:25:14,108
110,644,Paula Garza,7-(540)298-6819,1982-03-08 08:27:08,143
111,610,William Gonzales,4-(526)784-9630,1904-07-07 17:33:45,303
112,592,Denise Rivera,0-(503)410-6271,1954-09-22 17:42:30,81
113,597,James Franklin,3-(445)726-9054,1929-06-29 03:18:25,239
114,8,Sharon Anderson,1-(983)537-1498,1980-11-30 22:19:58,332
115,558,Sandra Duncan,2-(308)039-0732,1990-03-31 11:22:52,145
116,760,Jimmy Thomas,1-(748)323-4715,1945-02-24 14:23:21,58
117,745,Carlos Freeman,4-(992)844-2145,1904-08-22 05:54:06,131
118,59,Diane Thompson,6-(769)112-3987,1924-01-11 03:46:11,12
119,400,Christopher West,4-(455)231-0833,1951-08-07 01:25:01,254
120,461,Patrick Lynch,6-(677)233-2730,1912-07-17 02:31:59,190
121,312,Ruby Reynolds,1-(414)035-3581,1993-11-27 01:39:24,14
122,395,Philip George,7-(039)662-6864,1911-07-14 01:50:31,392
123,657,Brenda Jenkins,8-(756)763-8090,1923-11-25 08:34:47,323
124,770,Thomas Rice,0-(536)557-8649,1936-05-12 05:20:05,410
125,471,Virginia Garza,6-(535)195-6736,1910-04-12 17:28:39,353
126,18,Teresa Welch,4-(308)009-9786,1950-11-07 02:02:50,364
127,35,Frank Ray,0-(857)393-3926,1971-10-25 21:55:35,166
128,41,William Carroll,3-(810)583-8207,1900-07-15 11:10:54,59
129,275,Adam Fowler,7-(870)417-9521,1914-12-16 17:21:58,159
130,641,Philip Lane,3-(785)689-7576,1992-05-25 07:42:19,439
131,571,Amanda Lawrence,1-(732)507-9093,1943-08-29 08:55:18,28
132,97,Betty Gutierrez,3-(615)018-2227,1957-02-08 05:12:12,11
133,506,Annie Castillo,7-(079)010-3263,1950-08-17 09:41:48,59
134,748,Mary Bennett,8-(514)468-1568,1980-10-15 23:29:28,489
135,23,Eric Matthews,5-(758)242-1503,1901-01-29 06:37:37,212
136,724,Joan Marshall,0-(093)492-4228,1922-10-18 15:01:31,346
137,555,Craig Berry,6-(696)939-3847,1937-05-03 10:36:00,64
138,65,Jeffrey Tucker,3-(429)281-3155,1925-01-28 05:05:00,313
139,480,Sharon Black,8-(139)731-1113,1969-02-12 13:15:02,96
140,601,Sharon Williams,5-(500)286-6240,1996-02-16 02:24:34,253
141,788,Janice Kim,5-(361)415-9394,1932-05-28 07:18:29,296
142,576,Lisa Kim,7-(570)113-1917,1965-10-15 21:06:33,25
143,372,Wanda Mason,1-(781)222-7540,1924-10-03 15:26:49,90
144,456,Emily Stanley,0-(805)287-7366,1945-11-21 19:11:06,383
145,699,Louise Watson,0-(055)146-4727,1922-04-08 15:42:36,335
146,780,Thomas Cunningham,9-(904)074-9523,1962-02-16 10:17:21,207
147,604,Jason Patterson,2-(155)337-3856,1904-08-11 07:02:13,47
148,653,Diana Perkins,7-(067)164-4243,1942-12-06 07:00:25,278
149,147,Catherine Olson,6-(071)397-4663,1990-09-14 04:28:58,462
150,165,Peter Myers,0-(119)998-7889,1949-03-14 20:40:00,308
151,734,Clarence Thompson,6-(228)496-7760,1934-08-21 11:21:57,196
152,668,Tina Wallace,6-(520)010-5441,1926-01-10 03:24:58,343
153,631,Clarence Wells,3-(640)966-3833,1972-10-26 10:20:37,493
154,160,Carol Watkins,5-(346)233-9762,1960-12-27 23:14:18,301
155,321,Harold Brooks,1-(104)122-5510,1910-11-02 06:00:43,490
156,136,Terry Duncan,3-(873)490-6011,1954-05-11 16:22:51,153
157,325,Helen Long,3-(103)447-3269,1909-10-04 07:24:37,363
158,320,Howard Mitchell,9-(555)834-8446,1913-12-17 22:35:44,241
159,58,Marilyn Roberts,0-(551)830-6253,1981-12-11 04:11:42,482
160,191,Cheryl Fisher,9-(354)093-2006,1919-09-29 12:35:15,492
161,535,Jennifer Tucker,3-(736)280-4990,1954-10-06 14:38:21,137
162,472,Ernest Cruz,1-(427)107-0151,1926-10-04 17:11:11,271
163,703,Russell Gutierrez,1-(445)711-6241,1970-03-15 13:38:55,167
164,601,Earl Grant,6-(796)853-4341,1943-11-11 12:48:02,125
165,167,Lawrence Scott,9-(152)685-3185,1903-05-15 15:50:05,367
166,525,Harry Turner,8-(131)359-6263,1938-11-01 15:38:17,324
167,432,Kathy Murphy,7-(256)715-2297,1970-04-01 06:55:34,311
168,233,Laura Carpenter,2-(851)589-1509,1986-12-17 01:09:10,408
169,187,Jacqueline Gonzales,3-(221)329-2854,1935-02-11 04:28:05,322
170,510,Joyce Ramirez,3-(955)494-2076,1906-07-12 11:50:41,420
171,313,Gary Lawson,8-(161)320-6500,1929-03-08 09:22:06,483
172,72,Michelle Collins,6-(758)185-6191,1972-08-23 02:09:04,184
173,679,Ernest Graham,7-(542)243-0987,1915-08-29 00:54:02,184
174,483,Angela Carter,4-(666)722-9442,1973-02-03 09:52:26,170
175,177,Jesse Butler,2-(835)185-9113,1901-09-26 02:41:21,342
176,513,Robin Fisher,2-(771)106-5283,1925-06-29 21:48:24,197
177,542,Theresa Stewart,0-(778)583-4969,1977-01-26 02:11:55,392
178,101,Christopher Davis,2-(875)956-3051,1974-10-26 18:27:39,268
179,81,Bonnie Robertson,1-(228)932-1804,1985-02-22 14:03:45,497
180,8,Lillian Weaver,3-(395)440-0692,1961-12-02 19:16:45,18
181,592,Craig Warren,1-(203)391-3029,1922-07-23 14:17:27,283
182,598,Annie Davis,8-(441)141-9361,1936-11-22 12:03:37,179
183,506,Joyce Rogers,1-(668)470-6850,1915-04-10 12:20:52,460
184,508,Alan Jordan,4-(077)033-3504,1987-08-27 17:23:56,265
185,650,Rebecca Banks,9-(640)421-0125,1939-10-05 05:16:37,47
186,599,Theresa Miller,1-(956)812-0463,1962-11-11 11:24:37,303
187,244,Stephanie Morris,9-(932)832-4154,1927-11-16 02:49:57,493
188,663,Jack Holmes,4-(119)277-9375,1919-06-21 05:27:39,124
189,334,Victor Edwards,9-(599)039-9160,1949-08-25 09:01:03,72
190,287,Samuel Dunn,5-(211)145-0489,1958-08-22 10:57:03,42
191,83,Jennifer Fox,7-(626)154-8443,1950-09-05 06:59:11,359
192,623,Marie King,6-(097)989-5076,1954-02-03 00:28:41,311
193,614,Andrea Gardner,2-(981)762-2084,1948-05-22 12:40:39,214
194,741,Jonathan Smith,8-(904)259-0325,1903-03-04 17:32:07,387
195,667,Gary Henderson,7-(084)114-8741,1951-03-14 01:57:46,424
196,588,Barbara Roberts,4-(527)821-2371,1986-07-16 16:29:50,265
197,213,Robin Gonzalez,5-(219)483-2221,1975-05-01 01:04:10,313
198,552,Paul Chapman,3-(476)953-4802,1913-07-18 08:39:07,274
199,105,Wanda Montgomery,2-(497)329-2060,1952-12-05 09:23:30,42
200,693,Ryan Greene,2-(311)074-4235,1951-06-09 17:55:25,329
201,101,Jessica Mitchell,3-(422)076-2132,1915-12-31 10:17:48,162
202,622,Nicholas Mcdonald,2-(266)753-6283,1947-01-16 22:07:19,350
203,759,Joe Parker,7-(002)584-4721,1946-08-22 00:58:52,348
204,676,Kimberly Washington,9-(709)672-0195,1952-08-05 09:53:49,85
205,383,Rachel Morris,5-(253)716-5069,1990-04-23 01:20:53,104
206,8,Fred Simmons,1-(139)657-6417,1988-06-27 05:17:28,287
207,643,Anna Peterson,1-(948)086-2305,1917-11-25 02:59:02,64
208,209,Todd Fowler,9-(647)420-7247,1963-05-18 15:05:33,181
209,440,Mildred Mendoza,4-(649)530-6358,1960-12-25 03:39:49,449
210,501,Carol Larson,1-(222)258-7289,1909-12-12 10:00:52,419
211,285,John Warren,0-(736)779-3108,1949-12-25 02:33:17,475
212,395,Jonathan Ford,2-(641)094-8869,1986-03-20 17:40:31,85
213,396,Russell Alvarez,3-(415)000-6923,1951-03-29 03:28:57,449
214,735,Albert Banks,0-(787)186-6225,1956-07-07 11:54:59,414
215,603,Norma Gray,8-(777)070-3340,1976-02-16 02:51:00,20
216,758,Michelle Stevens,1-(673)173-5178,1902-09-18 10:22:25,265
217,597,Wayne Garcia,7-(650)897-2947,1983-10-16 08:33:52,446
218,563,Antonio Gonzalez,5-(511)392-4117,1983-05-06 23:40:49,400
219,417,Chris Owens,3-(780)818-9516,1972-05-22 15:14:06,154
220,318,Katherine Butler,2-(939)203-0185,1914-09-10 01:47:40,198
221,492,Linda Lynch,4-(659)567-6139,1933-01-15 09:06:42,258
222,13,Nancy Garrett,1-(708)920-9127,1980-10-25 04:07:24,394
223,235,Douglas Allen,7-(915)698-4912,1981-09-21 09:21:50,288
224,743,Maria Rogers,5-(155)821-6197,1967-09-01 19:53:12,409
225,73,Samuel Gonzales,3-(330)702-3734,1949-08-25 11:58:04,22
226,220,Anthony Wallace,3-(564)375-2750,1992-02-13 09:28:18,273
227,524,Gregory Romero,4-(333)552-9980,1928-04-02 17:16:16,211
228,49,Mark Roberts,7-(184)448-1969,1953-02-23 19:51:02,317
229,449,Stephanie Hart,3-(572)078-1001,1973-06-02 18:53:10,100
230,19,Julie Stewart,3-(310)634-5103,1939-01-07 10:00:25,241
231,71,Annie Ellis,9-(823)188-3019,1972-12-09 10:40:45,302
232,481,Nancy Rose,8-(224)280-9327,1966-10-30 04:01:30,10
233,469,Daniel Harper,4-(864)240-9636,1935-10-22 18:50:37,455
234,646,Emily Henderson,6-(549)238-7546,1972-12-22 05:56:29,386
235,409,Michael Perkins,4-(611)729-6144,1914-11-25 04:31:12,295
236,316,Randy Sanders,6-(790)292-7855,1945-04-04 19:15:29,429
237,286,Jack Welch,2-(538)494-8026,1903-08-17 22:23:18,93
238,743,Pamela Wells,7-(096)000-5916,1916-06-18 01:19:10,38
239,46,Diana Rogers,1-(518)847-4293,1961-02-25 01:38:16,303
240,392,Donna Bradley,9-(154)523-7550,1902-09-19 06:09:36,335
241,531,Sean Holmes,7-(619)462-7241,1969-08-30 09:15:58,175
242,399,Matthew Bradley,0-(602)780-6470,1978-06-29 00:47:48,278
243,534,Mildred Owens,8-(527)188-3673,1984-07-14 09:27:38,336
244,177,Lawrence Wheeler,4-(427)401-2938,1942-03-30 05:32:58,428
245,175,Clarence Larson,2-(021)995-9252,1950-08-17 05:10:00,158
246,622,Shawn Olson,2-(273)683-4213,1904-01-01 17:16:24,95
247,147,Edward Olson,9-(554)220-2084,1932-06-13 20:57:27,473
248,139,Lillian Arnold,8-(169)737-4085,1969-06-10 11:21:36,390
249,381,Bobby Murphy,6-(767)401-8496,1942-12-22 04:06:24,440
250,400,Theresa White,3-(043)195-0379,1966-08-19 16:26:45,113
251,699,Nicole Harrison,5-(990)449-7988,1926-06-04 03:27:01,144
252,762,Irene Fuller,5-(555)130-9083,1955-03-16 09:43:52,369
253,658,Julia Berry,8-(495)863-4680,1920-11-03 07:49:00,207
254,437,Julie Webb,9-(310)768-2243,1939-02-01 12:38:07,416
255,19,Brenda Burns,6-(679)191-7449,1931-01-08 20:26:56,99
256,504,Benjamin Watson,5-(268)397-2859,1958-10-27 17:40:55,118
257,398,Cynthia Fernandez,8-(788)355-1821,1995-12-30 15:24:16,28
258,396,Judy Adams,1-(341)462-3738,1908-08-11 10:02:49,313
259,305,Sara Wells,5-(596)959-6319,1990-02-23 11:34:40,381
260,130,Jennifer Campbell,3-(303)933-7042,1937-02-13 20:51:19,89
261,636,Jessica Bell,6-(007)175-9391,1959-06-02 12:24:17,20
262,235,Bobby Medina,0-(696)726-3191,1955-03-28 10:34:13,235
263,565,Ashley Ross,4-(356)954-7780,1954-05-20 21:10:44,42
264,200,Keith Gonzalez,5-(097)635-4126,1911-02-18 11:14:59,96
265,682,Marilyn Fields,9-(811)956-6917,1964-08-31 20:56:52,465
266,143,Marilyn Reynolds,5-(362)427-0346,1907-11-25 09:17:37,48
267,753,Alan Alvarez,7-(421)315-9782,1944-03-24 07:28:14,268
268,382,Randy Kim,3-(433)567-7144,1981-12-05 06:16:32,114
269,431,Robert Lawson,1-(392)184-7426,1980-04-06 23:01:19,314
270,543,John Bowman,6-(489)192-4958,1945-08-15 09:05:51,155
271,215,Carl Montgomery,2-(967)623-2612,1920-05-06 07:55:51,435
272,494,Katherine Gilbert,5-(503)398-3513,1947-02-22 18:47:41,21
273,26,Arthur Watson,9-(294)001-8789,1906-06-06 21:50:25,119
274,210,Sharon Berry,1-(556)257-4709,1946-02-19 13:27:18,207
275,699,Brandon Cooper,1-(658)498-4376,1971-02-21 09:33:59,252
276,262,Joseph Garrett,9-(929)568-7879,1977-11-13 07:16:48,228
277,692,Lois Ramirez,8-(907)391-8979,1909-04-10 11:31:08,38
278,483,Sara Romero,0-(153)118-5196,1979-09-02 03:23:21,114
279,310,Eric Howell,9-(489)775-2339,1977-06-02 14:33:41,74
280,591,Nancy Sims,7-(753)699-3679,1962-04-11 13:24:58,94
281,566,Margaret Jackson,2-(089)626-2882,1913-05-24 11:35:07,39
282,318,Marie Payne,2-(077)853-2349,1977-01-04 14:38:28,179
283,797,Jean Russell,6-(401)567-7695,1987-12-14 04:40:56,2
284,517,Andrea Andrews,1-(306)081-5959,1915-09-30 09:55:48,451
285,9,Jacqueline Owens,6-(359)130-2313,1920-08-30 16:54:14,126
286,402,Phillip Berry,5-(707)143-1147,1964-08-04 06:34:57,45
287,502,Mark Graham,9-(657)801-4144,1909-06-18 06:51:12,242
288,513,Steven Hernandez,4-(946)613-2196,1954-03-27 15:51:27,234
289,599,Mark Oliver,4-(938)920-3039,1903-01-10 14:40:16,341
290,242,Anthony Hunter,6-(324)280-6291,1945-09-26 13:24:33,240
291,300,Thomas Warren,3-(495)640-7551,1981-05-31 00:56:50,210
292,737,Joshua Clark,9-(293)612-7143,1995-08-06 00:22:37,273
293,421,Terry Bell,3-(381)107-7151,1916-05-23 21:03:52,399
294,378,Catherine Howell,3-(744)491-6676,1966-07-15 13:05:39,362
295,69,Albert Ford,1-(557)017-0135,1990-10-20 11:53:01,349
296,159,Kevin Stone,4-(525)465-1866,1946-06-05 22:37:00,176
297,112,Kathy Romero,6-(924)553-8072,1959-10-22 08:18:08,313
298,558,Heather Boyd,6-(653)518-3403,1963-12-03 03:27:23,9
299,737,Gregory Hudson,7-(664)035-9630,1992-12-22 20:28:05,283
300,579,Lois Vasquez,2-(924)258-6156,1908-01-27 09:30:22,343
301,124,Carol Mcdonald,6-(078)813-9380,1930-03-11 17:00:02,260
302,193,Stephanie Flores,0-(641)155-9404,1974-12-15 02:15:18,274
303,193,Jessica Collins,3-(520)319-3200,1935-05-17 23:27:44,60
304,205,Nicholas Evans,0-(263)213-8695,1987-03-26 01:45:09,155
305,593,Michelle Cox,4-(112)457-2076,1969-04-19 19:36:19,226
306,707,Stephen Stone,2-(728)228-8868,1934-08-22 17:38:43,104
307,386,Philip Kennedy,1-(102)514-5545,1947-09-13 15:20:34,22
308,423,Irene Robinson,8-(148)289-4811,1932-04-14 01:55:16,360
309,47,Mark Wilson,7-(525)349-3690,1946-06-29 18:23:15,144
310,157,Janet Richards,0-(974)572-3570,1908-10-26 23:09:27,399
311,599,Christine Cunningham,2-(947)236-2419,1907-08-02 20:24:18,24
312,216,Carolyn Kelly,2-(091)386-5692,1946-03-01 05:05:54,208
313,197,Wanda Black,6-(925)589-3131,1966-02-02 16:19:34,272
314,186,Aaron Spencer,0-(956)609-3887,1908-08-29 11:28:20,495
315,720,Gregory Anderson,7-(152)890-2701,1986-02-08 13:32:17,200
316,196,Katherine Henderson,6-(595)859-2558,1986-04-09 08:21:24,459
317,509,Lillian Ramirez,8-(982)585-2839,1929-02-19 13:05:12,152
318,354,Bobby Hall,4-(677)412-8777,1919-04-29 00:18:14,127
319,592,Heather Hanson,6-(430)218-0940,1949-09-07 05:59:38,204
320,638,Jerry Mendoza,0-(590)627-8316,1990-07-08 15:07:16,36
321,330,Kimberly Garza,1-(977)039-9667,1991-01-01 23:27:30,124
322,7,Roger Stewart,7-(605)011-0354,1946-04-04 04:13:01,418
323,714,Cheryl Medina,6-(873)411-3851,1900-07-23 12:44:58,28
324,505,Patrick Simmons,5-(219)205-5931,1920-01-18 11:27:58,154
325,16,Amanda Marshall,6-(101)382-0431,1995-08-02 10:56:53,481
326,610,Kenneth Sims,9-(573)774-6741,1901-01-30 22:11:05,195
327,64,Roy Little,2-(627)058-9526,1930-12-31 17:18:33,485
328,655,Alan Nichols,2-(779)403-2259,1932-11-03 07:49:17,179
329,186,Dennis Schmidt,9-(444)373-2641,1949-03-16 01:12:09,174
330,65,Tina Rice,7-(068)298-2104,1961-05-16 22:17:24,329
331,778,Gloria Garcia,3-(490)600-5977,1944-12-15 19:21:20,173
332,513,Kimberly Elliott,1-(645)655-4255,1948-01-18 08:26:52,420
333,406,Jacqueline Wallace,1-(622)674-4322,1960-10-26 15:17:09,132
334,215,Louise Hernandez,4-(296)934-6211,1992-02-20 10:50:16,320
335,538,Carol Green,5-(827)503-6475,1903-01-06 02:05:55,163
336,592,Fred Thompson,1-(408)322-2605,1963-07-22 22:36:50,114
337,722,Ruby Wood,3-(129)791-4416,1945-10-29 08:55:05,453
338,284,Annie Elliott,2-(037)732-3741,1929-12-28 17:55:01,486
339,730,Johnny Olson,1-(475)183-1883,1917-12-21 01:35:40,47
340,350,Keith Harrison,7-(203)177-5061,1921-01-26 16:29:51,305
341,713,Denise Brooks,3-(384)059-0895,1979-02-27 07:43:46,277
342,649,Melissa Rose,4-(906)173-9842,1956-02-13 20:06:02,117
343,412,George Thompson,5-(263)609-8251,1988-06-08 12:18:23,219
344,674,Steven Ryan,4-(232)473-4010,1964-04-13 08:38:36,389
345,660,Deborah Smith,3-(809)495-3932,1991-06-26 03:20:09,72
346,92,Pamela George,6-(384)833-7345,1990-05-20 10:32:14,105
347,314,Benjamin Murphy,0-(150)820-6736,1969-08-31 20:14:58,228
348,328,Victor Wells,1-(071)205-5020,1965-07-14 14:31:38,96
349,434,Jean Roberts,4-(230)853-5507,1935-01-26 18:36:41,338
350,605,Karen Montgomery,1-(010)855-6786,1991-11-24 20:13:28,366
351,666,Lillian Morales,9-(195)324-3665,1933-04-18 08:19:31,230
352,361,Teresa Wells,0-(507)505-7962,1924-01-05 21:07:58,125
353,327,Dennis Mills,2-(191)431-0811,1956-11-12 19:02:34,281
354,110,Diane Smith,5-(084)180-5693,1972-12-23 22:07:19,319
355,793,Julia Clark,6-(593)639-9323,1926-04-10 05:39:14,173
356,34,Judy Rice,0-(389)780-1541,1941-06-03 06:01:40,184
357,556,Philip Richards,6-(934)947-3197,1903-11-03 11:25:44,64
358,792,Deborah Wagner,8-(081)984-5373,1995-07-07 16:07:49,205
359,210,Doris Burton,5-(812)339-4761,1985-11-29 05:23:31,301
360,123,Wayne Lewis,0-(026)159-8018,1935-10-17 11:57:22,361
361,160,Jennifer Hill,5-(624)575-8441,1950-05-21 10:44:52,245
362,68,Antonio Lee,1-(661)736-1934,1972-10-24 11:06:16,17
363,797,Nicholas Bradley,3-(487)714-7238,1960-05-22 13:20:07,436
364,305,Marilyn Griffin,1-(186)542-1345,1996-02-05 09:12:17,450
365,17,Dennis Warren,5-(370)208-7098,1901-09-11 13:43:10,268
366,488,Kathryn Porter,6-(705)698-4569,1919-11-26 13:57:49,99
367,15,Brian Chavez,6-(045)085-9432,1924-08-16 14:41:01,39
368,659,Clarence Coleman,4-(754)510-2163,1911-01-20 05:27:20,26
369,131,Andrew Cox,1-(144)077-4305,1927-01-31 15:37:37,184
370,782,Jimmy Gonzales,4-(294)549-3118,1950-01-29 06:00:02,197
371,388,Adam Thompson,1-(698)428-1001,1934-01-10 00:14:57,137
372,461,Ruby Marshall,7-(381)855-8840,1918-07-23 19:33:29,332
373,213,George Spencer,4-(632)399-6281,1916-06-01 10:35:03,251
374,296,Jimmy Lawson,7-(683)960-7472,1923-06-16 12:08:23,253
375,724,Annie Foster,8-(624)675-7335,1941-10-30 11:27:35,466
376,687,Nicholas Parker,1-(588)677-5269,1954-10-31 18:09:48,112
377,248,Kathy Elliott,8-(271)684-5562,1919-11-15 09:06:31,448
378,243,Dorothy Webb,1-(033)178-6224,1993-05-24 22:37:39,207
379,779,Judy Fisher,1-(607)493-5190,1940-03-02 05:53:06,184
380,777,Roger Larson,0-(480)826-2666,1935-05-18 02:18:38,20
381,728,Helen Flores,2-(214)041-1101,1969-03-25 12:13:45,410
382,426,Jacqueline Lynch,9-(966)012-0170,1984-06-12 03:03:41,230
383,399,Denise Lewis,8-(892)974-0407,1970-01-10 07:48:59,418
384,418,Russell Simpson,3-(887)874-5107,1948-11-09 22:33:51,67
385,663,Russell Payne,7-(688)629-4506,1992-09-26 21:24:46,232
386,265,Joe Stevens,1-(173)077-8714,1948-03-05 07:48:51,467
387,201,Wayne Sanders,2-(155)513-8783,1918-08-03 11:07:38,169
388,140,Susan Barnes,2-(808)564-7472,1994-07-28 21:03:52,321
389,140,Craig Murphy,8-(553)776-4488,1974-03-09 02:18:53,22
390,640,Jean Moreno,6-(588)053-2443,1949-04-11 05:01:21,398
391,716,Carol Olson,9-(446)430-5531,1932-02-25 10:45:48,150
392,742,Helen Crawford,7-(347)978-9806,1941-01-30 11:06:52,259
393,676,Justin Sanchez,1-(954)962-0347,1985-01-04 03:42:58,13
394,776,Judith Little,2-(899)508-6748,1916-03-17 19:21:48,26
395,521,Rachel Russell,1-(505)218-1728,1928-12-16 12:40:14,479
396,313,Elizabeth Hudson,3-(774)798-3355,1966-02-16 09:19:41,466
397,667,Judy Gutierrez,7-(901)691-6450,1919-04-01 08:10:09,396
398,124,Jerry Jordan,4-(738)121-4777,1973-07-18 05:42:49,398
399,648,Helen Kennedy,1-(924)462-1719,1909-09-28 21:28:36,479
400,176,Nancy Holmes,3-(743)263-9785,1974-04-10 21:37:29,317
401,506,Nicholas Hansen,8-(812)210-8848,1959-08-06 21:03:18,419
402,256,Harold Palmer,2-(356)053-1031,1981-03-15 21:00:09,466
403,389,Janet Harvey,1-(133)300-3159,1953-10-03 08:32:15,428
404,197,Bobby Morrison,8-(160)722-1749,1986-06-08 09:22:30,115
405,194,Maria Cox,6-(654)248-6726,1942-02-26 02:53:06,302
406,379,Willie Cox,6-(500)433-1689,1976-10-22 08:39:57,204
407,641,Margaret Williams,9-(800)348-1325,1964-11-16 11:23:11,334
408,96,Melissa Simpson,0-(614)951-0177,1976-07-15 06:10:32,395
409,781,Mildred Nichols,4-(432)069-3156,1987-01-26 20:54:18,69
410,157,Harold Graham,1-(458)794-8216,1932-08-09 06:14:39,18
411,73,Antonio Campbell,2-(283)760-3366,1935-04-10 02:07:39,370
412,124,Frank Mendoza,2-(125)548-0834,1931-01-12 17:12:43,31
413,612,Anna Daniels,9-(355)559-7973,1976-03-14 19:33:22,244
414,299,Jose Spencer,8-(713)097-7872,1934-07-24 01:03:50,123
415,277,David Hicks,0-(480)400-5139,1993-08-19 03:11:20,24
416,31,Kevin Peterson,3-(054)378-2549,1930-08-26 07:10:44,94
417,613,Terry Powell,2-(159)561-3621,1959-02-24 04:42:48,349
418,388,Shawn Wheeler,3-(332)389-3137,1986-11-13 13:52:30,64
419,535,Aaron Moore,1-(525)371-2765,1975-12-06 09:59:21,180
420,623,Jesse Foster,9-(816)498-5620,1977-10-26 12:49:51,378
421,52,Doris Owens,0-(490)046-7202,1975-05-19 00:13:43,118
422,177,Evelyn Gilbert,7-(315)113-9866,1947-05-27 11:49:06,248
423,437,Heather Nichols,6-(483)438-4804,1962-08-23 21:39:00,60
424,251,Jack Bradley,7-(958)950-1960,1952-10-20 05:22:48,183
425,684,Eugene Simpson,9-(174)131-7276,1953-01-25 01:10:48,411
426,448,Brian Stewart,7-(801)577-2684,1981-03-22 16:47:16,23
427,322,Henry Brown,8-(171)163-1366,1918-05-11 19:41:18,224
428,266,Chris Harris,0-(932)147-0638,1913-09-30 04:01:19,406
429,195,Jessica Lawrence,0-(787)165-2442,1903-02-20 00:32:50,411
430,269,Jack Armstrong,4-(011)123-1416,1987-10-03 17:48:29,175
431,534,Wanda Hawkins,7-(962)570-5740,1964-01-26 03:48:02,265
432,691,Aaron Barnes,2-(642)846-1175,1985-09-15 20:12:42,487
433,765,Andrea Kelley,2-(931)258-8862,1932-09-18 00:00:09,39
434,439,Rebecca Castillo,2-(137)957-7216,1938-04-03 20:04:42,264
435,654,Stephen Scott,8-(137)162-1729,1982-06-09 22:45:41,428
436,116,Lawrence Cox,6-(664)091-5616,1971-03-27 03:34:39,426
437,654,Todd Jenkins,0-(758)802-6203,1922-03-11 22:16:11,180
438,5,Harold Owens,1-(776)867-0737,1914-11-13 11:03:54,220
439,353,George Duncan,4-(598)610-1661,1937-06-06 17:14:29,378
440,617,Diana Baker,9-(631)583-2150,1996-06-04 15:45:49,84
441,540,Robert Baker,0-(591)906-9059,1935-05-19 07:19:35,354
442,357,Sandra Castillo,2-(429)525-0267,1962-07-17 06:23:58,256
443,629,Norma Collins,9-(349)891-6928,1906-07-17 17:29:48,102
444,723,Jerry Jacobs,2-(933)951-0883,1945-02-01 23:35:49,247
445,71,Anthony Peters,7-(271)231-1082,1964-01-28 12:30:12,171
446,482,Gloria Hayes,0-(166)919-1630,1930-12-10 19:56:57,30
447,400,Lillian Olson,3-(759)795-7191,1906-08-26 12:05:02,352
448,487,Shawn Murphy,0-(439)881-3547,1965-05-04 02:55:14,252
449,539,Gloria Alvarez,0-(212)662-9622,1943-03-30 09:22:04,373
450,732,Roger Day,1-(016)940-6350,1963-12-22 20:30:31,88
451,690,Rose Perez,9-(987)129-1741,1904-07-04 01:28:54,132
452,769,Harold Wallace,8-(159)154-4832,1910-04-22 15:31:57,208
453,493,Sean Cox,1-(116)307-2353,1982-09-11 20:07:42,251
454,778,Jean Wilson,1-(481)272-1422,1903-01-14 11:30:48,49
455,281,Marie Jordan,4-(168)691-4785,1982-10-07 21:32:27,39
456,671,Stephanie Owens,8-(793)871-9679,1902-07-18 20:43:14,418
457,246,Frank Howell,9-(257)186-4625,1968-09-22 07:26:15,381
458,679,Justin Ramos,5-(357)158-4529,1948-11-24 05:25:40,208
459,796,David Dean,9-(097)287-5942,1973-11-15 19:36:27,456
460,678,Anna Crawford,9-(465)974-3066,1972-07-16 12:34:48,178
461,765,Helen Ward,8-(530)915-4252,1911-07-18 20:28:14,190
462,340,Shawn Gardner,9-(342)832-7709,1990-03-13 03:04:44,468
463,647,Judith Reyes,5-(192)801-4625,1989-01-21 03:17:56,314
464,426,Alice Kelley,3-(788)669-7630,1995-09-06 19:51:41,317
465,702,Diana Lee,5-(300)877-8035,1905-10-24 03:56:57,349
466,751,Michael Olson,8-(167)358-5472,1993-09-25 02:59:46,351
467,151,Steve Snyder,4-(163)226-6178,1957-03-07 18:34:48,28
468,294,Janet Wilson,3-(743)931-1561,1951-01-24 15:00:54,225
469,713,Christine Dean,8-(869)678-2399,1943-03-27 00:51:12,408
470,614,Linda Stewart,1-(909)927-3773,1934-04-25 13:27:58,402
471,131,Aaron Robinson,8-(433)051-3133,1990-10-05 13:21:08,143
472,472,Marilyn Fuller,4-(102)168-7385,1930-05-01 07:20:43,415
473,245,Marilyn King,1-(362)575-2094,1982-04-14 05:20:43,12
474,447,Evelyn Mendoza,5-(923)512-1626,1921-06-29 03:14:57,376
475,301,Julia Jones,1-(733)309-4843,1941-04-01 22:25:00,458
476,704,Denise Chapman,2-(100)398-5998,1986-03-31 16:38:08,215
477,411,Patricia Carroll,2-(178)681-0786,1907-09-30 07:08:35,141
478,28,Carolyn Castillo,7-(502)195-8395,1988-06-08 02:26:08,398
479,430,Diane Anderson,6-(143)490-7652,1952-07-06 07:27:35,112
480,747,John Meyer,2-(343)035-1756,1939-01-11 08:45:51,13
481,447,Samuel Kennedy,0-(269)034-3564,1963-05-03 13:59:05,473
482,584,Thomas Cook,1-(996)742-8227,1985-11-25 02:32:08,275
483,574,Christina Taylor,6-(974)662-3412,1937-08-22 18:32:27,265
484,318,Gregory Ross,7-(101)408-3997,1906-03-11 14:58:11,352
485,667,Diana Bradley,0-(640)954-7887,1919-03-27 11:43:48,278
486,710,Earl Price,5-(560)672-4553,1973-05-26 09:51:06,23
487,403,Andrew Cooper,0-(048)703-6777,1913-01-14 02:22:12,37
488,622,Craig Kelly,4-(562)352-8045,1971-08-19 22:33:13,186
489,484,Peter Thompson,3-(462)338-4754,1903-10-20 14:53:11,278
490,637,Charles Murray,5-(020)873-0168,1953-02-15 13:48:30,328
491,34,Dorothy Morrison,1-(279)287-4772,1917-12-14 05:30:41,269
492,792,John Smith,0-(317)139-7879,1957-01-04 13:02:12,370
493,293,Katherine Meyer,6-(931)493-7718,1916-02-02 00:41:51,49
494,262,Anthony Black,5-(249)599-3798,1942-05-07 02:53:15,368
495,404,Doris George,2-(610)385-6655,1954-09-23 21:11:15,110
496,68,Robin Barnes,7-(468)571-6200,1960-10-13 07:11:27,104
497,403,Anthony Reyes,2-(404)432-4892,1969-05-28 11:42:49,448
498,781,Phyllis Kennedy,1-(610)622-9848,1948-05-22 04:17:01,289
499,587,Mildred Howard,3-(650)168-8809,1906-08-20 15:29:36,465
500,105,Lois Morgan,7-(659)272-3286,1947-07-12 23:45:38,306
501,423,Mark Lane,9-(017)276-1368,1981-08-14 15:15:42,398
502,754,Gregory Henry,4-(623)706-1523,1937-01-11 01:35:53,339
503,658,Catherine Carroll,3-(939)853-8338,1981-09-26 07:26:13,243
504,175,Jane Clark,9-(984)664-9049,1974-03-02 05:15:41,154
505,147,Raymond Elliott,9-(418)835-3376,1912-08-24 23:44:36,345
506,455,Julie Harrison,8-(150)438-7121,1994-07-20 08:53:53,297
507,376,Norma Gordon,3-(527)887-3674,1931-03-08 22:20:43,449
508,481,Laura Richards,5-(102)433-3732,1919-05-27 00:10:45,318
509,8,Charles Alvarez,8-(969)910-6021,1991-03-05 22:52:23,270
510,183,Eric Porter,6-(078)528-9134,1919-01-19 18:19:24,52
511,304,Nicole Lopez,7-(975)379-2633,1945-06-17 09:59:58,479
512,512,Lisa Morales,7-(312)477-8740,1915-09-28 16:03:12,315
513,713,Victor Miller,2-(025)115-4809,1910-05-14 04:32:26,179
514,96,Diana Stone,4-(147)865-2527,1963-09-10 22:42:40,138
515,92,Wanda Alexander,9-(759)547-9228,1983-01-10 17:41:49,69
516,382,Richard Rose,6-(841)798-0547,1937-01-22 22:21:02,352
517,775,Samuel Price,9-(514)357-2778,1947-08-31 13:29:57,2
518,601,Michael Armstrong,2-(701)017-2643,1946-01-14 00:24:31,457
519,610,Cheryl Hamilton,8-(699)587-3578,1916-12-02 03:01:42,424
520,647,Nicole Fox,4-(138)172-9832,1992-09-29 07:02:23,176
521,221,Janet Fisher,0-(465)470-4329,1928-04-19 00:48:26,270
522,73,Elizabeth Gray,4-(007)953-0649,1986-08-06 12:44:46,346
523,400,Howard Powell,4-(924)654-5881,1992-10-26 13:10:36,313
524,621,Howard Reyes,5-(188)379-0937,1972-09-23 23:07:24,86
525,700,Clarence Hernandez,6-(577)091-9569,1949-08-03 16:40:39,327
526,174,Bruce Flores,5-(702)558-9523,1930-03-02 02:53:00,221
527,152,Carlos Wood,4-(400)179-2610,1934-02-18 05:05:18,157
528,321,Juan Ross,1-(381)029-5607,1951-01-04 15:36:56,41
529,686,Nicholas Allen,0-(958)136-6689,1947-12-08 18:03:01,30
530,272,Teresa Jordan,2-(664)128-1041,1922-10-15 09:48:17,439
531,163,Bruce Mitchell,4-(534)848-8153,1938-11-24 13:11:25,463
532,445,Patricia Wells,8-(371)545-3536,1912-01-08 04:11:48,299
533,126,Rose Chapman,1-(554)270-1363,1915-12-08 04:38:44,273
534,332,Keith Peterson,2-(233)016-2042,1921-07-03 10:55:16,290
535,462,Stephen Evans,8-(021)331-3173,1936-12-03 08:38:46,294
536,502,Barbara Cook,9-(413)385-2594,1971-04-27 04:44:53,235
537,470,Joshua Richards,9-(879)609-4861,1963-03-12 06:28:24,11
538,309,Nicole Wallace,7-(569)438-8735,1986-05-03 11:06:36,108
539,250,Alice George,8-(201)156-7448,1993-07-24 03:18:03,306
540,466,Ernest Boyd,2-(862)492-5616,1988-04-21 16:42:11,389
541,78,Russell Watson,7-(576)653-7389,1988-09-20 05:42:23,10
542,333,Eric Henderson,2-(195)103-3222,1918-08-29 19:17:35,161
543,675,Deborah Walker,6-(898)382-9573,1967-08-22 18:43:17,45
544,623,Jimmy Burton,7-(197)745-7825,1986-12-21 05:13:56,184
545,681,Peter Matthews,1-(631)623-7362,1905-08-15 08:23:33,173
546,748,Deborah Jordan,7-(036)520-5991,1941-08-17 13:10:26,478
547,159,Martha Schmidt,5-(814)674-1456,1951-09-06 01:39:51,379
548,789,Betty Ruiz,9-(827)845-1133,1949-07-06 10:57:15,486
549,293,Rachel Johnson,9-(880)896-9440,1936-08-21 05:05:45,485
550,429,Brandon Nguyen,9-(065)249-2161,1901-01-18 15:32:28,148
551,323,Andrea Taylor,2-(668)670-1371,1986-11-20 16:27:41,388
552,570,Matthew Bailey,2-(952)489-6283,1906-02-23 06:12:28,20
553,310,Carlos Ramirez,3-(545)498-7492,1994-06-12 14:42:40,400
554,593,Peter Berry,0-(305)370-4210,1979-10-11 01:03:47,261
555,380,Carol Ray,1-(405)042-6802,1904-12-26 00:35:50,87
556,133,Billy Payne,3-(556)950-0972,1943-10-26 09:15:19,486
557,591,Dennis Kennedy,5-(064)034-6739,1990-07-12 11:43:02,199
558,447,Harry Moreno,9-(943)173-9989,1933-06-11 08:49:50,80
559,610,Judy Long,4-(922)979-0268,1987-01-16 14:36:45,152
560,467,Angela Mcdonald,1-(377)829-6672,1975-02-24 00:46:13,363
561,787,Jeremy Gomez,5-(987)906-8235,1979-11-27 08:21:06,186
562,778,Victor Murphy,7-(831)532-9318,1939-09-09 13:39:10,270
563,297,Paul Rodriguez,5-(672)560-0303,1988-03-20 11:53:17,73
564,750,Raymond Mendoza,5-(262)816-0697,1945-08-31 15:22:15,246
565,63,James Dixon,6-(240)740-9681,1919-03-29 23:25:52,366
566,43,Henry Brooks,1-(386)189-6221,1962-12-07 20:28:02,63
567,513,Norma Phillips,3-(614)067-2137,1958-09-14 02:37:48,402
568,584,Joyce Harris,3-(922)606-6970,1965-01-17 16:59:26,213
569,722,Frances Harper,8-(793)839-9475,1920-11-30 05:39:46,391
570,168,Nicole Gilbert,1-(790)174-4263,1921-06-25 17:16:54,310
571,696,Frank Stanley,6-(283)192-0430,1937-05-28 00:01:58,499
572,109,Carolyn Carter,0-(043)896-2123,1976-09-25 06:43:26,385
573,4,Sarah Duncan,3-(890)430-8223,1944-09-04 23:24:53,395
574,311,Carl Harrison,2-(404)522-0344,1902-07-28 22:35:36,80
575,607,Janet Alvarez,0-(475)250-8682,1912-10-16 12:35:44,256
576,397,Tina Fox,7-(271)560-8827,1983-03-11 23:25:17,131
577,782,Susan Robertson,8-(809)331-4897,1911-05-23 22:27:07,442
578,537,Mary Romero,0-(452)969-8669,1907-07-20 12:46:22,259
579,765,Alice Long,3-(206)363-7012,1967-11-04 19:23:50,193
580,267,Samuel Daniels,6-(809)352-0647,1983-04-29 19:19:50,482
581,186,Linda Armstrong,7-(088)831-8171,1965-08-29 21:22:18,195
582,739,Amy Dixon,0-(888)625-3554,1994-04-15 12:20:32,413
583,683,Gerald Woods,9-(406)283-5556,1976-04-06 04:45:24,392
584,51,Edward Cruz,0-(896)185-2021,1911-07-07 18:09:21,419
585,318,Victor Little,4-(660)884-6742,1957-01-30 02:43:45,126
586,611,Betty Dixon,8-(891)589-8460,1924-02-08 06:23:34,18
587,765,Anne Williams,0-(580)390-8894,1961-02-05 09:04:23,265
588,494,Carol Chavez,9-(855)064-6198,1942-06-08 23:48:04,203
589,434,Fred Morris,2-(494)279-8503,1989-05-13 10:17:34,95
590,580,William Dunn,5-(530)104-8190,1977-06-09 23:42:10,102
591,282,Lillian Boyd,1-(431)380-4507,1924-09-30 03:28:53,497
592,774,Henry Miller,8-(769)229-8165,1966-05-30 02:21:08,455
593,550,Bruce Bennett,5-(131)794-6868,1980-12-25 04:47:43,470
594,768,Harry Rose,6-(877)510-8089,1910-04-19 07:12:39,52
595,785,Timothy Robertson,8-(872)101-0450,1984-03-22 12:05:59,427
596,396,Benjamin Russell,9-(493)316-3438,1988-02-10 04:45:46,187
597,140,Denise Robertson,7-(802)882-2635,1958-11-30 11:52:27,427
598,109,Lori Reynolds,9-(230)546-1363,1903-05-06 09:23:05,352
599,249,Steve Torres,8-(775)083-5492,1972-05-19 07:26:44,79
600,659,Anne Perez,0-(116)766-7703,1971-04-05 07:08:26,437
601,512,Jean Montgomery,5-(545)559-8241,1925-01-31 22:08:48,8
602,170,Christopher Wells,4-(744)580-3404,1979-05-30 19:01:07,350
603,768,Douglas Cooper,2-(523)410-4333,1915-11-05 05:43:52,29
604,695,Richard Lee,4-(834)697-5480,1917-06-02 03:58:26,113
605,605,Marie Lopez,8-(992)714-9521,1965-11-04 02:44:17,322
606,183,Rebecca Palmer,1-(604)158-6886,1992-07-16 09:14:36,500
607,374,Jose Tucker,8-(950)048-3239,1916-01-13 13:12:14,289
608,123,George James,5-(511)529-8603,1994-04-25 10:22:18,52
609,715,Robert Morales,0-(548)254-3482,1918-07-21 02:48:55,15
610,256,Paula Gardner,0-(502)340-8584,1954-05-05 09:02:47,427
611,608,Peter Garcia,1-(281)379-6146,1928-04-23 15:30:12,108
612,706,Marilyn Lopez,3-(346)679-8631,1978-11-12 14:34:01,456
613,599,Phillip Martin,6-(447)632-5948,1975-01-21 01:47:19,363
614,546,Sean Wheeler,1-(376)351-6309,1980-06-21 05:14:32,352
615,701,Kathryn Brooks,4-(462)443-3550,1946-02-13 19:22:58,438
616,154,Judy Powell,2-(194)417-7082,1919-10-10 23:12:00,317
617,72,Christina Arnold,3-(996)083-1322,1947-10-05 10:25:30,285
618,40,Timothy Fowler,3-(082)800-9678,1986-04-30 00:36:48,313
619,62,Eric Fields,7-(762)378-5376,1964-04-21 01:33:07,313
620,232,Willie Medina,7-(324)125-5810,1941-10-24 06:32:27,446
621,193,Ann Griffin,7-(546)262-0823,1934-10-17 13:43:35,121
622,284,Arthur Romero,1-(563)558-1181,1900-07-29 18:10:30,235
623,441,Philip Warren,4-(249)339-7848,1944-03-15 14:56:20,30
624,18,Denise Knight,4-(081)175-9677,1973-07-29 20:21:10,83
625,3,Joan Alexander,2-(057)465-8130,1969-01-15 20:41:08,485
626,64,Russell Hunter,5-(958)556-9606,1938-05-26 14:17:08,58
627,263,Charles Hart,0-(886)355-4294,1967-01-01 18:31:49,462
628,745,Frank Bell,1-(212)738-7360,1970-08-29 16:10:51,159
629,22,Victor Fuller,4-(470)790-4139,1909-05-07 10:44:21,150
630,630,Alan Davis,1-(319)332-0300,1960-12-29 02:29:31,422
631,444,John Garza,0-(582)859-0967,1972-08-22 08:34:14,416
632,784,Carol King,7-(885)811-6030,1961-05-14 20:30:52,297
633,701,Wanda Tucker,4-(600)267-3014,1995-02-12 17:28:25,10
634,389,Laura Wheeler,0-(049)393-6043,1924-08-19 19:44:52,78
635,659,Harold Wells,1-(530)970-7322,1922-08-18 07:13:14,219
636,425,Martha Hamilton,6-(516)905-5958,1979-02-14 10:43:53,357
637,99,Melissa Mills,0-(082)354-0691,1956-08-27 19:01:46,264
638,346,Mildred Walker,1-(658)839-6221,1976-02-09 19:26:41,388
639,186,Joshua Ortiz,6-(837)582-9991,1965-04-05 15:53:39,433
640,416,Adam Austin,3-(496)346-0107,1904-07-11 11:17:12,205
641,603,Harry Thompson,5-(619)571-7136,1965-10-03 17:25:53,9
642,288,Tammy Roberts,8-(300)794-1595,1965-03-28 15:14:09,321
643,733,Ronald Greene,1-(723)778-8891,1987-02-07 10:35:42,201
644,264,Katherine King,4-(525)330-0677,1970-09-25 22:32:29,291
645,466,Craig Barnes,5-(676)891-6069,1982-04-05 01:11:50,221
646,446,Pamela Morrison,3-(407)534-3400,1903-11-04 21:06:46,34
647,13,Heather Fowler,5-(074)614-3703,1983-05-04 21:52:16,267
648,790,Benjamin Morales,5-(754)201-8005,1935-03-20 22:26:35,367
649,412,Joan Sullivan,5-(029)512-2118,1937-06-14 14:12:18,353
650,187,Rebecca Myers,8-(335)144-9347,1983-09-03 03:34:01,482
651,788,Chris Watkins,3-(764)561-4561,1978-07-28 22:00:45,273
652,412,Anna Smith,5-(528)045-8162,1930-04-08 13:13:09,386
653,616,Timothy Martin,2-(396)925-3449,1942-06-15 16:06:00,184
654,160,Ryan Gutierrez,9-(041)784-0568,1915-01-08 19:16:06,204
655,477,David Adams,5-(861)267-0440,1974-11-20 23:48:47,398
656,56,Gloria Edwards,4-(329)853-5008,1921-05-31 17:41:25,392
657,662,Helen Vasquez,0-(188)712-8872,1927-01-18 15:04:53,181
658,39,Daniel Hernandez,9-(830)644-2541,1935-10-07 06:21:34,16
659,579,Stephanie Alexander,9-(755)894-3137,1980-11-27 14:54:16,314
660,559,Sandra Wagner,1-(934)058-0776,1946-07-04 10:47:24,332
661,300,Gerald James,5-(122)847-0635,1917-07-23 21:48:42,418
662,588,Carolyn Bishop,3-(166)957-9344,1943-07-12 00:55:49,305
663,352,Stephanie Jackson,8-(293)690-1008,1993-11-09 01:33:37,413
664,352,Juan Peterson,4-(493)999-7064,1913-04-02 02:11:13,354
665,34,Lawrence Gibson,4-(480)241-8825,1936-06-12 22:24:42,169
666,180,Albert Ray,5-(183)089-5270,1930-12-28 17:31:37,83
667,125,Katherine Green,0-(298)457-2153,1905-11-21 10:51:05,44
668,87,Lois Knight,4-(622)439-2479,1906-09-25 14:42:21,447
669,341,Jeffrey Porter,0-(897)963-7212,1963-06-15 01:27:21,15
670,189,Jose Ross,8-(696)532-7545,1906-03-06 09:08:56,113
671,293,Shirley Cole,3-(247)163-5372,1920-11-02 14:41:30,87
672,126,Antonio Schmidt,4-(581)335-4752,1902-07-31 05:29:18,369
673,76,Harry Mills,8-(921)243-1416,1945-06-20 03:38:11,285
674,184,Julie Bailey,8-(555)751-3867,1993-06-09 01:54:46,415
675,543,Diane Tucker,0-(096)948-4838,1971-06-15 15:09:56,77
676,143,David Jackson,0-(199)470-7166,1912-04-05 14:33:05,443
677,748,Susan Ellis,0-(157)555-4693,1991-06-20 12:55:47,401
678,355,John Price,9-(867)905-9862,1930-02-28 14:10:13,348
679,724,Tina Kelly,5-(201)649-7825,1921-04-01 03:03:58,265
680,390,Willie Perez,6-(505)145-5607,1982-06-25 01:08:55,59
681,118,Joseph Spencer,4-(999)314-2386,1901-05-10 20:01:16,340
682,662,Jessica Peters,7-(685)673-1098,1958-02-06 03:18:42,387
683,87,Billy Fox,4-(059)378-6678,1936-10-16 03:49:07,35
684,692,Anna Fowler,5-(939)608-9433,1981-06-29 22:40:17,217
685,623,Todd Harris,4-(837)735-6039,1932-04-25 05:28:22,294
686,617,Wanda Crawford,8-(913)191-5962,1953-12-10 09:33:57,269
687,714,Aaron Richards,6-(688)134-9678,1917-06-18 01:23:22,405
688,759,Timothy Thompson,3-(040)558-2814,1916-04-03 20:45:43,211
689,424,Cheryl Welch,1-(758)089-0327,1908-11-28 00:05:18,375
690,531,Ernest Kelley,5-(539)234-3453,1911-10-25 18:41:39,53
691,163,Daniel Hernandez,5-(167)741-4428,1965-01-20 07:06:42,270
692,366,Karen Fisher,9-(008)103-9132,1918-02-25 08:36:50,389
693,539,Mark Reed,3-(042)721-1938,1985-01-19 15:36:46,140
694,218,Kathleen Lawson,9-(260)325-5837,1941-07-27 04:22:52,335
695,262,Gregory Burke,9-(026)283-1337,1942-07-04 16:40:28,450
696,725,Bonnie Shaw,2-(249)393-2136,1989-08-25 18:17:54,327
697,287,Beverly Nelson,1-(488)446-8829,1916-07-29 22:46:44,199
698,415,Harold Ortiz,7-(526)901-0422,1984-10-21 17:18:07,309
699,205,Arthur Daniels,9-(509)201-1209,1920-06-30 21:35:16,483
700,395,Dorothy Nguyen,0-(086)138-9576,1906-08-11 11:36:30,17
701,307,Jonathan Wheeler,0-(959)702-7018,1977-05-17 09:55:03,310
702,436,Mildred Murray,5-(043)339-9696,1966-11-03 03:45:38,484
703,394,Annie Harris,4-(746)385-8632,1917-06-21 11:03:47,29
704,600,Judith Gibson,1-(151)167-1284,1973-07-07 08:08:23,132
705,724,Heather Willis,6-(212)444-9950,1954-12-22 01:58:03,284
706,446,Arthur Brown,7-(640)998-8845,1989-11-16 23:30:27,119
707,537,Samuel Nelson,3-(255)017-4655,1951-06-04 06:59:46,350
708,536,Thomas Carter,7-(602)936-6996,1967-06-01 21:14:53,73
709,536,Tina Gibson,5-(352)054-0011,1990-03-20 13:34:47,261
710,527,Thomas Diaz,8-(871)593-4161,1916-03-20 09:03:38,169
711,518,Kenneth Ryan,5-(113)735-9192,1978-10-18 14:29:05,40
712,52,Theresa Hart,6-(428)686-1449,1962-01-14 09:57:40,196
713,140,Keith Murray,7-(717)503-5626,1971-02-01 14:02:48,94
714,646,Elizabeth Riley,0-(873)743-7770,1925-10-29 07:32:24,402
715,169,Tina Murphy,1-(130)190-6309,1914-10-09 18:07:40,355
716,387,Carlos Mendoza,8-(265)930-5739,1967-12-17 01:02:03,399
717,292,Gregory Perry,8-(177)139-9346,1991-11-12 01:08:22,284
718,313,Louis Hicks,5-(179)156-8954,1930-04-11 16:47:58,339
719,84,Jennifer Stanley,8-(355)302-2435,1952-01-11 21:50:44,164
720,73,Willie Jones,1-(267)543-9604,1945-01-04 18:31:52,77
721,775,Jane Bowman,1-(106)712-6902,1939-05-21 04:04:22,100
722,81,Lori Carter,1-(616)445-6151,1946-01-29 09:10:51,497
723,555,Amanda Alvarez,4-(593)200-4071,1988-08-27 17:14:42,232
724,95,Benjamin Alvarez,4-(874)130-0698,1937-07-14 17:22:13,421
725,325,Kelly Hall,2-(556)234-5365,1928-01-28 03:40:40,131
726,441,Barbara Greene,0-(251)415-5707,1953-06-11 11:47:51,352
727,174,Ralph Hall,5-(951)044-2932,1926-08-25 07:53:48,292
728,13,Clarence Rivera,1-(504)844-5677,1969-04-30 01:29:03,351
729,113,Karen Sims,3-(064)807-0865,1917-06-01 09:23:24,153
730,575,Christine Reid,3-(390)519-0137,1990-09-11 16:46:26,11
731,418,Sean Williamson,5-(174)351-4116,1917-03-04 21:34:19,497
732,470,Carlos Arnold,3-(773)880-6787,1920-03-06 08:14:22,387
733,282,Chris Montgomery,4-(560)766-3199,1967-11-02 16:34:32,274
734,233,Norma Armstrong,2-(442)459-4993,1973-09-12 15:26:43,235
735,74,Lois Rivera,6-(455)507-2487,1994-04-11 15:54:27,21
736,73,Kelly Rivera,6-(686)768-6424,1951-03-18 00:23:48,173
737,663,Carol Moreno,4-(311)109-1435,1928-05-07 15:51:31,200
738,611,Benjamin Rogers,7-(666)440-8323,1956-10-11 10:53:31,11
739,600,Martha Miller,7-(137)912-5274,1903-07-22 12:21:12,49
740,545,Rebecca Bryant,9-(324)725-6469,1973-12-18 13:40:05,346
741,609,Jennifer Harvey,8-(746)891-5163,1991-07-18 17:18:55,468
742,289,Aaron Reynolds,1-(925)795-5503,1953-07-09 20:59:00,489
743,50,Elizabeth Bennett,2-(669)528-3840,1913-03-12 10:16:31,99
744,44,Timothy Thomas,5-(383)138-9049,1949-08-20 14:47:25,141
745,556,George Fowler,1-(687)730-3089,1931-04-29 07:01:35,297
746,701,Jane Henderson,2-(188)007-4962,1930-08-11 09:27:05,107
747,367,Christopher Oliver,6-(817)121-9925,1934-07-30 08:17:32,34
748,529,Irene Carr,0-(070)282-6717,1987-12-09 21:21:11,107
749,183,Lawrence Ford,6-(521)531-9921,1924-10-20 03:41:32,135
750,371,Harry Perry,2-(967)784-0659,1949-01-17 17:28:49,11
751,262,Nancy Ryan,9-(511)140-0516,1923-07-19 14:25:38,316
752,563,Dorothy Gonzales,7-(413)931-0346,1913-02-24 23:55:54,88
753,111,Frank Russell,5-(546)417-5497,1940-04-01 07:04:21,290
754,467,Amy Pierce,8-(603)624-7156,1932-09-02 08:18:18,453
755,49,Jean Hansen,6-(077)769-4656,1941-01-13 23:25:33,333
756,592,Clarence Lee,2-(615)094-5054,1949-06-10 10:17:06,192
757,432,Nicole Gomez,2-(420)881-6015,1957-11-13 21:05:52,203
758,71,Christina Hicks,0-(567)621-5240,1959-06-11 01:33:47,272
759,261,Linda Gomez,6-(123)285-5975,1916-01-04 11:08:14,145
760,315,Jack Bell,3-(447)675-8923,1985-10-04 18:45:29,356
761,383,Jean Harvey,9-(279)035-8071,1978-02-14 15:37:18,496
762,45,Betty Sullivan,4-(088)256-9683,1959-08-23 08:07:15,373
763,694,Todd Kennedy,4-(346)992-0431,1962-11-08 19:52:04,314
764,118,Diane Stevens,6-(322)430-3719,1943-10-18 07:00:03,292
765,212,Phillip Lopez,9-(361)578-7380,1939-02-28 07:28:11,202
766,714,Paul Ellis,2-(479)850-7147,1908-11-26 21:01:00,173
767,299,Louise Wilson,8-(657)385-9542,1979-11-30 16:08:08,36
768,541,Wayne Torres,7-(061)495-9316,1953-01-24 05:52:16,339
769,81,Michelle Richards,3-(757)545-6183,1905-08-30 13:17:27,23
770,317,Cheryl Gilbert,4-(281)536-7247,1949-12-26 19:53:08,193
771,219,Annie Mason,1-(973)198-7341,1946-12-12 14:57:31,47
772,262,Heather Parker,9-(214)249-6549,1905-08-28 01:08:05,395
773,714,Donna Brown,6-(963)268-7818,1975-04-09 20:40:05,359
774,448,Steve Hayes,4-(423)351-3975,1940-02-15 11:17:11,20
775,465,Brenda Reynolds,9-(605)264-8295,1951-06-15 12:34:15,368
776,259,Jeffrey Reyes,4-(128)449-2575,1970-12-30 08:57:11,467
777,652,Joseph Sanchez,6-(777)878-4375,1954-06-04 21:17:04,40
778,147,Joseph Bennett,6-(701)594-8105,1976-09-28 03:54:44,262
779,19,Marie Riley,2-(683)832-4221,1935-10-24 11:44:41,32
780,88,Donald Little,5-(667)182-9449,1931-05-19 21:01:21,291
781,261,Dennis Richards,4-(110)768-3377,1915-09-06 13:23:13,461
782,167,Phyllis Fields,5-(040)938-7717,1978-04-20 16:52:55,37
783,365,Karen Foster,4-(005)598-0897,1907-02-13 21:25:42,259
784,409,Fred Jackson,9-(212)877-5235,1966-02-01 09:22:30,357
785,592,Samuel Bailey,4-(067)668-8398,1995-02-26 15:28:06,340
786,76,Eric Hicks,5-(569)026-0601,1986-10-29 10:20:39,124
787,479,Lawrence Matthews,8-(991)438-2412,1969-10-21 05:50:46,101
788,410,Angela Lawson,0-(823)660-4986,1987-07-17 07:49:28,32
789,55,Donna Kelley,6-(334)198-7621,1928-08-12 18:57:23,63
790,156,Jerry Tucker,3-(842)367-6966,1902-06-24 20:16:14,436
791,690,Roger White,5-(682)745-3188,1949-02-18 12:39:56,20
792,740,Harold Black,2-(876)375-7531,1933-07-15 17:36:45,481
793,311,Angela Daniels,5-(489)838-0500,1907-01-20 12:19:38,487
794,209,Paul Elliott,7-(674)779-1865,1951-03-27 04:12:49,77
795,329,Denise Clark,6-(205)609-3402,1914-05-08 07:16:13,21
796,453,Helen Torres,5-(145)499-8816,1985-02-12 16:03:02,71
797,414,William Stewart,5-(101)279-9469,1924-01-12 08:03:20,10
798,201,Steven Scott,5-(099)038-0471,1904-03-18 06:15:29,28
799,577,James Robinson,2-(933)715-3650,1907-05-23 15:09:00,494
800,534,Kathryn James,8-(373)486-4977,1944-07-24 22:52:36,384
801,561,Rose Thomas,9-(155)449-6578,1975-11-22 15:21:02,318
802,797,David Duncan,0-(534)667-2559,1961-09-27 23:06:06,34
803,98,Rose Hamilton,3-(602)496-7217,1992-11-09 21:43:48,469
804,4,Amy Olson,7-(550)323-0844,1910-05-18 20:25:25,307
805,50,Roy Montgomery,8-(580)204-7031,1952-12-27 06:48:39,304
806,419,Martin Gutierrez,3-(955)819-0885,1994-01-21 08:52:32,279
807,185,Stephanie Day,7-(897)449-7291,1940-08-28 23:01:05,448
808,575,Sandra Harper,0-(493)937-1616,1921-07-19 10:31:30,446
809,17,Sharon Watkins,1-(189)969-3408,1930-03-26 15:59:02,147
810,538,Benjamin Perez,5-(334)121-2384,1912-02-03 04:50:12,497
811,149,Kathy Jones,6-(862)499-3730,1919-04-04 00:20:12,207
812,640,Kelly Hayes,1-(381)721-5598,1945-01-30 02:49:14,308
813,775,Gloria White,2-(952)550-4581,1990-07-09 12:11:45,251
814,465,Julie Jacobs,7-(713)224-9181,1910-06-07 15:16:52,411
815,127,Scott Hunt,3-(836)336-8966,1916-08-10 04:56:36,92
816,106,Brian Hunter,6-(392)627-6791,1927-05-23 17:39:51,417
817,353,Brenda Rogers,2-(858)568-2234,1921-08-21 03:41:09,227
818,17,Kenneth Martin,7-(360)484-1953,1947-10-08 11:23:29,81
819,487,Sandra Fuller,1-(671)458-8103,1903-10-31 21:25:15,331
820,419,Ernest Cook,8-(189)197-2736,1924-06-28 00:35:05,376
821,495,Evelyn Simmons,2-(403)058-2400,1990-02-21 14:21:18,477
822,454,John Gonzalez,5-(200)934-7439,1909-11-25 04:02:36,28
823,428,Elizabeth Smith,9-(437)500-2204,1969-01-09 12:10:16,309
824,110,Anna Chapman,0-(091)240-1563,1958-09-30 07:56:30,160
825,341,Pamela Roberts,7-(131)779-0329,1944-12-19 19:29:51,217
826,736,Irene Barnes,4-(598)739-5201,1925-02-17 01:06:14,63
827,252,Randy Garza,7-(627)215-7657,1988-11-27 19:12:30,192
828,173,Ruby Stanley,9-(695)928-1013,1928-01-30 23:54:44,327
829,394,Margaret Franklin,9-(664)099-5846,1919-01-19 01:42:48,470
830,325,Diana Robinson,6-(292)977-1848,1920-06-17 20:47:35,401
831,165,Dorothy Spencer,1-(376)055-7251,1902-06-14 07:20:34,45
832,262,Tammy Sanchez,6-(979)913-2822,1948-03-04 15:56:12,189
833,367,Cheryl Welch,1-(415)487-9521,1936-11-29 19:29:56,331
834,254,Johnny White,2-(690)018-9491,1988-09-22 11:56:33,207
835,123,Marilyn Lane,7-(983)892-1203,1993-05-03 04:21:08,376
836,445,Russell Shaw,1-(916)599-5428,1926-01-14 08:57:56,211
837,582,Deborah Stevens,8-(308)474-4092,1916-03-23 16:45:38,78
838,724,Jesse Porter,0-(886)761-8229,1920-09-22 04:19:35,317
839,275,Jacqueline Meyer,6-(498)086-5569,1922-10-12 06:04:04,242
840,47,Ashley Robinson,2-(126)675-6404,1916-05-24 02:50:02,74
841,739,Jesse Cunningham,4-(482)522-8428,1917-10-19 03:43:12,146
842,278,Kimberly Lane,8-(383)510-3127,1918-03-24 18:59:48,474
843,468,William Moreno,9-(583)261-6781,1927-05-27 00:37:38,381
844,427,Lisa Rogers,5-(888)886-4984,1913-02-27 05:55:20,479
845,697,Harold Lawson,9-(426)907-1736,1921-05-10 13:37:17,67
846,376,Angela Rogers,0-(747)668-8769,1971-10-21 23:47:39,273
847,774,Catherine Warren,3-(677)272-9064,1926-02-28 13:17:46,373
848,419,Alan Jones,2-(213)651-7972,1991-07-10 13:27:44,139
849,466,Anthony Henry,6-(697)777-6986,1939-03-12 08:43:39,97
850,192,Ann Carpenter,2-(040)947-2993,1978-01-02 04:38:13,16
851,480,Mary Tucker,8-(607)014-8481,1969-10-05 21:24:33,324
852,724,Michael Reed,8-(353)080-4423,1936-10-03 07:05:38,49
853,49,Lois Stephens,1-(918)233-1387,1979-03-07 11:39:46,193
854,599,Irene Wheeler,6-(334)805-0526,1908-09-17 06:27:28,39
855,264,Teresa Lane,0-(804)156-0868,1931-02-03 07:37:25,9
856,761,Richard Webb,7-(584)225-0355,1977-06-29 10:13:06,34
857,449,Victor Ortiz,5-(074)343-7025,1907-08-13 13:30:29,291
858,124,Gregory Hernandez,7-(065)645-5400,1927-07-23 23:12:12,428
859,398,Roy Martinez,1-(185)866-5469,1950-12-28 07:41:48,258
860,567,Lori Sanchez,5-(943)884-3711,1944-10-16 18:27:58,359
861,286,Alice Armstrong,7-(371)069-6004,1946-09-10 04:28:55,395
862,693,Lawrence Diaz,6-(928)429-3361,1940-04-26 12:02:55,295
863,19,Brian Tucker,0-(057)346-0833,1974-07-13 21:16:22,402
864,569,Christina Foster,2-(472)954-1919,1951-10-02 11:58:09,347
865,261,Jesse Russell,7-(935)902-8501,1979-08-08 18:25:28,476
866,627,Ryan Davis,0-(486)969-1548,1964-05-23 04:10:20,357
867,343,Amy Perez,5-(828)138-9333,1957-11-14 16:25:37,213
868,390,Wayne Morris,8-(853)536-0166,1919-05-10 03:46:00,130
869,293,Patrick Alexander,4-(170)283-2160,1994-09-15 00:34:31,256
870,18,Wayne Castillo,8-(217)775-7537,1923-10-25 05:23:52,177
871,438,Jimmy Perry,6-(253)634-6857,1915-01-08 21:05:05,164
872,744,Martin Stone,2-(802)200-5326,1967-02-02 14:47:56,362
873,84,Walter Spencer,9-(272)858-8570,1937-03-24 20:13:52,260
874,660,Brian Mccoy,5-(280)328-7944,1935-08-17 22:25:30,157
875,440,Lori Fields,5-(972)898-4447,1963-09-07 07:53:59,483
876,252,Timothy Rodriguez,9-(195)851-9635,1934-06-06 18:23:15,118
877,42,Lillian Smith,7-(552)349-2861,1941-06-25 02:07:16,261
878,218,Nicole Harris,4-(124)315-4652,1949-10-21 04:16:47,201
879,385,Lori Schmidt,4-(886)374-3222,1951-02-05 10:49:09,144
880,712,Jacqueline Butler,2-(072)497-9458,1970-10-21 12:39:21,379
881,500,Matthew Kelly,0-(142)900-3100,1921-01-23 10:35:57,447
882,182,Sandra George,0-(591)071-8360,1905-10-12 22:17:50,331
883,345,Emily Martin,3-(318)433-5012,1965-12-27 23:19:35,160
884,40,Sara Mason,1-(637)189-5165,1950-01-04 10:49:02,137
885,537,Earl Ramos,6-(982)471-4875,1933-12-22 12:53:16,294
886,796,Laura Sims,5-(761)526-8657,1976-08-22 06:07:57,382
887,598,Roger Oliver,4-(867)516-9532,1955-06-04 05:21:58,444
888,272,Katherine Simpson,9-(294)728-8034,1974-08-21 06:46:31,309
889,41,Steven Watkins,5-(903)775-9962,1913-04-17 19:01:41,325
890,204,Terry Williamson,7-(058)665-6761,1932-09-05 07:03:51,435
891,635,Peter Warren,2-(572)533-8233,1931-05-30 08:59:22,305
892,191,Doris Harvey,7-(817)389-9926,1959-10-07 09:51:28,429
893,99,Kelly Carroll,7-(795)744-5245,1927-01-26 01:32:35,319
894,743,Nancy Carroll,1-(313)260-3407,1964-10-29 08:53:39,448
895,396,Beverly Grant,0-(737)522-3489,1936-02-23 18:45:22,60
896,380,Kenneth Hill,9-(896)845-9593,1951-08-22 21:00:30,52
897,464,John Boyd,0-(099)392-5090,1951-01-18 12:58:29,356
898,322,Anne Watkins,4-(862)877-8055,1986-06-27 17:27:15,361
899,653,Denise Hansen,8-(377)955-9886,1902-01-31 00:48:18,459
900,308,Arthur Gomez,2-(176)368-2716,1992-11-12 19:10:38,389
901,204,Stephanie Reed,2-(887)694-7195,1971-06-20 13:02:13,492
902,73,Rose Reyes,3-(711)537-7367,1958-01-28 13:34:02,110
903,432,Jessica Dixon,4-(164)015-3775,1931-05-12 23:07:23,234
904,95,Arthur Ellis,2-(742)681-9470,1950-05-17 21:26:09,320
905,477,Mildred Hayes,7-(346)693-2621,1915-04-20 23:00:52,331
906,412,Paula Henderson,2-(425)550-9415,1959-01-29 16:20:15,298
907,420,Jose Lane,5-(067)665-8448,1902-01-23 21:06:09,347
908,222,Brenda Webb,7-(322)185-0487,1990-01-21 14:06:04,92
909,778,Philip Howard,0-(711)393-2243,1967-09-28 13:14:25,397
910,86,James Garcia,0-(444)813-2488,1992-12-28 05:43:40,238
911,523,Sarah Chapman,6-(941)893-9819,1981-03-30 11:30:37,393
912,371,Harold King,3-(087)334-8514,1902-08-03 11:10:33,46
913,646,Louise Reyes,1-(105)845-3050,1948-06-26 18:51:01,392
914,524,Alice Kelley,7-(054)587-7799,1918-03-02 04:01:02,468
915,480,Earl Russell,7-(116)536-0376,1908-05-23 18:01:35,70
916,565,Annie Day,1-(195)511-6816,1914-02-05 14:50:08,56
917,442,Jesse Phillips,0-(131)831-3459,1990-06-01 20:21:29,202
918,43,Karen Willis,1-(893)215-4027,1981-05-14 21:50:59,338
919,675,Roy Crawford,9-(234)933-5093,1976-11-16 06:36:23,357
920,612,Betty Carpenter,4-(079)984-1565,1960-02-10 10:48:56,382
921,738,Christine Armstrong,2-(235)837-2025,1980-08-01 22:44:34,168
922,117,Patricia Burns,5-(636)049-5224,1975-07-03 01:17:52,36
923,510,Terry Banks,1-(992)252-1663,1965-03-22 20:43:06,459
924,652,Jeffrey Morgan,3-(470)466-9381,1977-09-25 17:11:28,125
925,4,Raymond Henderson,2-(745)261-0634,1909-03-10 14:23:35,95
926,188,Rebecca Carr,9-(274)759-9382,1978-05-25 03:10:12,127
927,283,Diana Carpenter,1-(366)368-8196,1938-02-13 21:29:56,238
928,669,Wayne Carpenter,6-(405)952-7192,1915-10-02 01:55:26,480
929,377,Albert Collins,9-(166)210-7322,1962-10-04 04:41:13,34
930,506,Martin Rodriguez,8-(809)528-2624,1968-12-05 04:53:43,294
931,19,Evelyn Jordan,6-(579)912-3751,1978-07-30 01:52:42,94
932,749,Adam Harper,0-(234)838-9132,1954-05-08 04:27:55,64
933,639,Jose Ford,0-(438)024-4553,1976-03-28 13:55:59,167
934,83,Sean Hunt,5-(043)801-1099,1919-10-17 12:20:07,355
935,181,Frank Mills,2-(969)443-5744,1953-11-02 11:07:09,390
936,96,Wanda Woods,4-(760)242-2181,1900-09-12 17:00:36,154
937,197,Pamela Jones,2-(666)442-3249,1908-11-10 07:08:44,476
938,647,Lori Harvey,5-(389)981-2438,1940-09-06 04:57:49,435
939,731,Antonio Parker,0-(010)181-1277,1965-09-26 01:27:01,8
940,607,Joan Morgan,3-(428)578-4237,1970-01-11 10:49:28,367
941,388,Arthur Gilbert,5-(472)216-6538,1918-04-13 19:09:03,114
942,10,Victor Baker,2-(156)438-5563,1930-12-15 06:45:30,402
943,479,Barbara Thompson,0-(959)523-8865,1985-11-13 20:26:15,19
944,674,Juan Bradley,1-(532)091-5213,1900-10-30 00:50:01,15
945,249,Paula Gardner,3-(555)205-0811,1976-04-12 02:44:57,81
946,497,Jacqueline Martin,3-(771)787-2007,1962-01-14 06:16:24,475
947,397,Gerald Fowler,0-(558)908-2500,1965-10-25 17:19:06,466
948,561,Marilyn Mendoza,2-(225)727-3255,1971-03-30 21:01:43,356
949,525,Teresa Chavez,7-(559)111-5315,1916-07-26 04:46:52,79
950,144,Shawn Stephens,0-(403)875-1903,1966-12-07 23:52:21,281
951,250,Amanda Olson,4-(972)617-2347,1945-07-25 20:02:02,273
952,269,Richard Ortiz,6-(445)468-4180,1923-06-16 22:07:14,349
953,491,Thomas Wagner,2-(789)063-7396,1921-02-17 12:07:59,220
954,423,Patrick Mills,6-(365)711-3193,1934-08-14 08:29:31,340
955,699,Kathy Rivera,4-(970)721-1232,1983-05-26 18:30:11,443
956,659,Victor Thompson,5-(673)353-9674,1936-01-17 00:00:58,386
957,324,Jonathan Henry,3-(039)835-2024,1919-03-29 13:28:51,101
958,591,Jason Mccoy,1-(224)791-3569,1986-09-15 06:07:59,491
959,22,Judith Snyder,9-(608)935-6637,1961-03-14 13:09:21,336
960,515,Jason Powell,3-(790)227-9722,1987-11-01 07:34:28,400
961,30,Arthur Powell,9-(240)815-9781,1969-12-09 12:59:47,19
962,260,Alan Hawkins,8-(796)927-3647,1975-11-25 08:52:40,391
963,675,Eugene Ryan,6-(040)736-5399,1994-01-23 03:00:06,410
964,195,Michelle Hunter,0-(180)691-5054,1952-06-24 16:19:29,120
965,544,Doris Morris,0-(994)721-8421,1929-03-03 04:31:03,347
966,607,Evelyn Fowler,1-(986)509-2625,1975-08-15 05:31:43,73
967,736,John Howell,2-(655)765-3512,1917-06-22 05:16:49,129
968,98,Frank Carpenter,8-(188)340-4943,1921-02-11 21:32:48,58
969,491,Howard Torres,1-(982)965-7104,1904-03-02 14:57:25,120
970,173,Teresa Turner,7-(821)533-3868,1960-10-15 09:09:57,16
971,104,Ruth Wright,0-(470)438-2652,1919-04-23 07:17:57,80
972,316,Gary Reyes,2-(699)157-4167,1982-12-19 03:40:55,377
973,60,Paula Dean,1-(473)966-1267,1982-06-24 01:54:05,144
974,536,Fred Cook,5-(468)287-7284,1909-03-13 21:09:44,100
975,202,Patricia Wilson,5-(793)731-6996,1974-02-25 15:00:02,329
976,304,Evelyn Sullivan,2-(045)321-9423,1912-06-08 20:38:02,181
977,156,Victor Lopez,7-(740)579-4280,1965-02-10 05:48:09,427
978,90,Kathleen Rodriguez,9-(577)286-1982,1950-07-03 12:51:19,470
979,196,Joyce Hart,1-(591)925-5361,1947-04-10 09:32:58,9
980,592,Samuel Murray,6-(712)888-2120,1988-09-07 07:44:44,192
981,780,Annie Howard,4-(529)934-9962,1984-10-07 16:40:29,230
982,14,Sean Day,1-(951)577-9453,1918-06-13 06:35:18,216
983,432,Scott Matthews,9-(734)445-1616,1916-12-29 16:26:03,51
984,387,Albert Payne,7-(732)409-8051,1987-12-16 22:28:09,78
985,793,Christine Ferguson,7-(142)675-0785,1946-06-17 10:31:33,127
986,612,Donna Kelley,7-(053)750-7739,1951-11-15 17:31:14,332
987,261,Betty Crawford,9-(914)605-5759,1958-07-11 08:48:13,202
988,564,Raymond Cooper,5-(769)842-2833,1937-02-11 04:08:16,358
989,34,Kenneth Jones,7-(670)409-0232,1903-10-01 20:23:46,249
990,194,Jerry Dunn,0-(142)529-8225,1984-06-06 02:39:43,221
991,302,Dennis Graham,9-(335)776-7251,1944-05-25 00:23:53,340
992,527,Sharon Duncan,5-(628)699-1721,1969-03-03 21:56:18,36
993,159,Jean Little,3-(416)679-7354,1994-07-13 19:36:08,185
994,193,Anne Chapman,7-(675)605-5194,1993-05-29 03:10:10,45
995,270,Helen Martinez,9-(802)367-5521,1968-02-27 15:53:26,354
996,77,Rebecca Larson,8-(441)150-6028,1925-10-12 13:35:54,408
997,197,Willie Davis,3-(416)388-7824,1924-03-02 18:22:23,483
998,293,Dorothy Washington,7-(978)515-0297,1938-07-23 21:44:20,147
999,427,Dennis Coleman,1-(477)997-4412,1916-06-13 22:14:21,300
1000,502,Joe Lane,3-(201)322-1493,1912-01-18 01:46:35,454
